{"10": {"P": 0.0007999999999999998, "R": 0.005062049062049062, "F": 0.0009506889960681284, "F1": 0.0013291579390900276}, "50": {"P": 0.003422222222222223, "R": 0.03076002084335417, "F": 0.004124211243621585, "F1": 0.005976065540737552}, "100": {"P": 0.00577777777777778, "R": 0.056399014565681235, "F": 0.006964821462579082, "F1": 0.010106168256318195}}