{
  "10": {
    "P": 0.0002666666666666667,
    "R": 0.0023630351130351133,
    "F": 0.00032118672543525944,
    "F1": 0.0004652910707243605
  },
  "50": {
    "P": 0.0020444444444444455,
    "R": 0.029616960200293536,
    "F": 0.0024922303262258456,
    "F1": 0.0037199453032166108
  },
  "100": {
    "P": 0.004044444444444447,
    "R": 0.060318293362411006,
    "F": 0.004923871850301627,
    "F1": 0.007331197972130508
  }
}
