{
  "10": {
    "P": 0.021290322580645175,
    "R": 0.12960242503344416,
    "F": 0.024809152042516276,
    "F1": 0.03343800382461839
  },
  "50": {
    "P": 0.06236559139784943,
    "R": 0.32487441790372035,
    "F": 0.07215181355752079,
    "F1": 0.09571679583731581
  },
  "100": {
    "P": 0.09107526881720426,
    "R": 0.4395979510383057,
    "F": 0.10495140580496977,
    "F1": 0.13806025959296478
  }
}
