{
  "10": {
    "P": 0.0008602150537634409,
    "R": 0.0020486234195911616,
    "F": 0.0009623030209499697,
    "F1": 0.0011822862271031085
  },
  "50": {
    "P": 0.005268817204301077,
    "R": 0.018627788209058842,
    "F": 0.0059918942605758346,
    "F1": 0.007666094814286048
  },
  "100": {
    "P": 0.010322580645161296,
    "R": 0.04353879884427623,
    "F": 0.011722423464160458,
    "F1": 0.014992725489274203
  }
}
